Address,Length,String,Type,ReferenceCount,CallingFunctions,SampleInstruction
"0040b754",7,"UNKNOWN","string",4,"FUN_00403d98",""
"0040b760",18,"/tmp/httpd_timeout","string",4,"FUN_00406adc",""
"0040b778",19,"start_in_blankstate","string",4,"FUN_00407a28",""
"0040b790",8,"%llu[^.]","string",1,"FUN_00403d0c",""
"0040b7a0",5,"/%s%s","string",1,"FUN_00403d98",""
"0040b7b0",17,"%d/%b/%Y:%H:%M:%S","string",1,"FUN_00403d98",""
"0040b7c4",9,"%s %c%04d","string",1,"FUN_00403d98",""
"0040b7d0",63,"%.80s - %.80s [%s] ""%.80s %.200s %.80s"" %d %s ""%.200s"" ""%.80s""
","string",1,"FUN_00403d98",""
"0040b810",10,"%s %d %s
","string",1,"FUN_00403d98",""
"0040b81c",12,"Server: %s
","string",1,"FUN_00403d98",""
"0040b82c",25,"%a, %d %b %Y %H:%M:%S GMT","string",3,"FUN_00403d98",""
"0040b848",10,"Date: %s
","string",1,"FUN_00403d98",""
"0040b854",22,"Content-Encoding: %s
","string",1,"FUN_00403d98",""
"0040b86c",18,"Content-Type: %s
","string",1,"FUN_00403d98",""
"0040b880",22,"Content-Length: %lld
","string",1,"FUN_00403d98",""
"0040b898",9,"P3P: %s
","string",1,"FUN_00403d98",""
"0040b8a4",40,"Cache-Control: max-age=%d
Expires: %s
","string",1,"FUN_00403d98",""
"0040b8d0",19,"Last-Modified: %s
","string",1,"FUN_00403d98",""
"0040b8e4",21,"Connection: close

","string",1,"FUN_00403d98",""
"0040b8fc",5,"admin","string",3,"FUN_00404444",""
"0040b904",6,"remote","string",0,"",""
"0040b90c",8," failure","string",1,"FUN_00404444",""
"0040b918",10,"lan_ipaddr","string",6,"FUN_00404444",""
"0040b924",11,"lan_netmask","string",2,"FUN_00404444",""
"0040b930",34,"%02d 00[%s login%s] from source %s","string",1,"FUN_00404444",""
"0040b954",16,"%s/%s/err%d.html","string",1,"FUN_00404580",""
"0040b968",14,"%s/err888.html","string",1,"FUN_00404580",""
"0040b978",12,"%s/err%d.htm","string",1,"FUN_00404580",""
"0040b988",13,"%s/err%d.html","string",1,"FUN_00404580",""
"0040b998",27,"%s</font></p></body></html>","string",1,"FUN_00404580",""
"0040b9b4",127,"<HTML>
<HEAD><TITLE>%d %s</TITLE></HEAD>
<BODY BGCOLOR=""#cc9999"" TEXT=""#000000"" LINK=""#2020ff"" VLINK=""#4040cc"">
<H4>%d %s</H4>
","string",1,"FUN_00404580",""
"0040ba38",8,"**MSIE**","string",1,"FUN_0040478c",""
"0040ba44",5,"<!--
","string",1,"FUN_0040478c",""
"0040ba4c",78,"Padding so that MSIE deigns to show this error instead of its own canned one.
","string",1,"FUN_0040478c",""
"0040baa4",16,"</BODY>
</HTML>
","string",1,"FUN_0040478c",""
"0040bab8",24,"/var/usb_http_user.cache","string",2,"FUN_004064fc",""
"0040bad8",7,"PATH=%s","string",1,"FUN_004016cc",""
"0040bae4",18,"LD_LIBRARY_PATH=%s","string",1,"FUN_004016cc",""
"0040baf8",28,"/lib:/usr/local/lib:/usr/lib","string",1,"FUN_004016cc",""
"0040bb18",18,"SERVER_SOFTWARE=%s","string",1,"FUN_004016cc",""
"0040bb2c",14,"SERVER_NAME=%s","string",1,"FUN_004016cc",""
"0040bb3c",25,"GATEWAY_INTERFACE=CGI/1.1","string",1,"FUN_004016cc",""
"0040bb58",24,"SERVER_PROTOCOL=HTTP/1.0","string",1,"FUN_004016cc",""
"0040bb78",14,"SERVER_PORT=%s","string",1,"FUN_004016cc",""
"0040bb88",17,"REQUEST_METHOD=%s","string",1,"FUN_004016cc",""
"0040bb9c",14,"SCRIPT_NAME=%s","string",1,"FUN_004016cc",""
"0040bbac",13,"PATH_INFO=/%s","string",1,"FUN_004016cc",""
"0040bbc4",19,"PATH_TRANSLATED=/%s","string",1,"FUN_004016cc",""
"0040bbd8",20,"SOAP_SERVICE_NAME=%s","string",1,"FUN_004016cc",""
"0040bbf0",15,"QUERY_STRING=%s","string",1,"FUN_004016cc",""
"0040bc00",14,"REMOTE_ADDR=%s","string",1,"FUN_004016cc",""
"0040bc10",15,"HTTP_REFERER=%s","string",1,"FUN_004016cc",""
"0040bc20",18,"HTTP_USER_AGENT=%s","string",1,"FUN_004016cc",""
"0040bc34",14,"HTTP_COOKIE=%s","string",1,"FUN_004016cc",""
"0040bc44",15,"CONTENT_TYPE=%s","string",1,"FUN_004016cc",""
"0040bc58",17,"CONTENT_LENGTH=%s","string",1,"FUN_004016cc",""
"0040bc6c",14,"REMOTE_USER=%s","string",1,"FUN_004016cc",""
"0040bc7c",12,"AUTH_TYPE=%s","string",1,"FUN_004016cc",""
"0040bc8c",5,"Basic","string",1,"FUN_004016cc",""
"0040bc98",5,"TZ=%s","string",1,"FUN_004016cc",""
"0040bca0",23,"HTTP_ACCEPT_LANGUAGE=%s","string",1,"FUN_004016cc",""
"0040bcb8",7,"HOST=%s","string",1,"FUN_004016cc",""
"0040bcc0",11,"LOGIN_IP=%s","string",1,"FUN_004016cc",""
"0040bccc",12,"NEED_AUTH=%s","string",1,"FUN_004016cc",""
"0040bce4",5,"debug","string",1,"FUN_00404bbc",""
"0040bcf8",6,"chroot","string",1,"FUN_00404bbc",""
"0040bd00",8,"nochroot","string",1,"FUN_00404bbc",""
"0040bd14",6,"cgipat","string",1,"FUN_00404bbc",""
"0040bd1c",6,"urlpat","string",1,"FUN_00404bbc",""
"0040bd24",15,"noemptyreferers","string",1,"FUN_00404bbc",""
"0040bd34",8,"localpat","string",1,"FUN_00404bbc",""
"0040bd48",7,"logfile","string",1,"FUN_00404bbc",""
"0040bd50",5,"vhost","string",1,"FUN_00404bbc",""
"0040bd58",7,"pidfile","string",1,"FUN_00404bbc",""
"0040bd60",7,"charset","string",1,"FUN_00404bbc",""
"0040bd6c",7,"max_age","string",1,"FUN_00404bbc",""
"0040bd78",8,"certfile","string",1,"FUN_00404bbc",""
"0040bd84",6,"cipher","string",1,"FUN_00404bbc",""
"0040bd94",20,"/var/lock/httpd.lock","string",1,"FUN_004052e8",""
"0040bdac",9,"text/html","string",3,"FUN_00407a28",""
"0040bdb8",15,"Request Timeout","string",2,"FUN_00401e5c",""
"0040bdc8",52,"No request appeared within a reasonable time period.","string",1,"FUN_0040560c",""
"0040be04",12,"Not Modified","string",1,"FUN_00401e5c",""
"0040be14",11,"Bad Request","string",2,"FUN_00401e5c",""
"0040be20",12,"Unauthorized","string",3,"FUN_00401e5c",""
"0040be30",9,"Forbidden","string",8,"FUN_00401e5c",""
"0040be3c",9,"Not Found","string",3,"FUN_00401e5c",""
"0040be48",14,"Internal Error","string",3,"FUN_00401e5c",""
"0040be58",15,"Not Implemented","string",3,"FUN_00401e5c",""
"0040be68",30,"Service Temporarily Overloaded","string",1,"FUN_00401e5c",""
"0040be88",9,"Something","string",1,"FUN_00401e5c",""
"0040bea0",7,"Status:","string",1,"FUN_00401e5c",""
"0040beac",9,"Location:","string",1,"FUN_00401e5c",""
"0040beb8",16,"HTTP/1.0 %d %s
","string",1,"FUN_00401e5c",""
"0040becc",17,"HTTP/1.0 200 OK
","string",1,"FUN_00401e5c",""
"0040bee4",32,"You must supply a local referer.","string",1,"FUN_00405728",""
"0040bf08",34,"WWW-Authenticate: Basic realm=""%s""","string",1,"FUN_0040598c",""
"0040bf2c",5,"/_.-~","string",1,"FUN_00405b38",""
"0040bf34",6,"%%%02x","string",1,"FUN_00405b38",""
"0040bf3c",6,"%s/%s/","string",1,"FUN_00405e00",""
"0040bf44",5,"%s%s/","string",1,"FUN_00405e00",""
"0040bf4c",19,"/etc/usb_httpd.conf","string",2,"FUN_00405e00",""
"0040bf60",22,"socket creating failed","string",3,"FUN_00407a28",""
"0040bf7c",15,"http_lan_ipaddr","string",2,"FUN_004062c0",""
"0040bf8c",14,"/tmp/nvram.bcm","string",4,"FUN_00407a28",""
"0040bf9c",16,"http_lan_netmask","string",2,"FUN_00407a28",""
"0040bfb0",12,"lan_login_ip","string",1,"FUN_004062c0",""
"0040bfc0",14,"openvpn_enable","string",1,"FUN_004062c0",""
"0040bfd8",45,"The number of user has reached maximum value.","string",1,"FUN_004064fc",""
"0040c008",7,"shares/","string",2,"FUN_004064fc",""
"0040c010",45,"20 00[USB remote access] from %s through HTTP","string",1,"FUN_004064fc",""
"0040c040",6,"Basic ","string",2,"FUN_00406adc",""
"0040c048",9,".htpasswd","string",5,"FUN_00406adc",""
"0040c054",18,"File is protected.","string",3,"FUN_004064fc",""
"0040c068",54,"20 00[USB remote access rejected] from %s through HTTP","string",1,"FUN_004064fc",""
"0040c0a0",53,"/bin/echo genie from wan, drop request > /dev/console","string",1,"FUN_00406adc",""
"0040c0d8",43,"/bin/echo genie from lan, ok > /dev/console","string",1,"FUN_00406adc",""
"0040c104",38,"Administrator login successful - IP:%s","string",1,"FUN_00406adc",""
"0040c12c",20,"Login Failed - IP:%s","string",2,"FUN_00406adc",""
"0040c144",22,"text/plain; charset=%s","string",1,"FUN_00406f24",""
"0040c15c",39,"That method is not implemented for CGI.","string",1,"FUN_00406f24",""
"0040c184",46,"Something unexpected went wrong making a pipe.","string",1,"FUN_00406f24",""
"0040c1b4",54,"Something unexpected went wrong forking an interposer.","string",1,"FUN_00406f24",""
"0040c1f4",54,"Something unexpected went wrong running a CGI program.","string",1,"FUN_00406f24",""
"0040c22c",15,"File not found.","string",2,"FUN_00407a28",""
"0040c244",14,"indexdnshj.htm","string",1,"FUN_00407a28",""
"0040c254",20,"Can't parse request.","string",1,"FUN_00407a28",""
"0040c26c",12,"ptimeout.cgi","string",1,"FUN_00407a28",""
"0040c27c",23,"Authorization required.","string",1,"FUN_00407a28",""
"0040c294",14,"Authorization:","string",1,"FUN_00407a28",""
"0040c2a4",15,"Content-Length:","string",1,"FUN_00407a28",""
"0040c2b4",13,"Content-Type:","string",1,"FUN_00407a28",""
"0040c2c4",7,"Cookie:","string",1,"FUN_00407a28",""
"0040c2cc",5,"Host:","string",1,"FUN_00407a28",""
"0040c2d4",18,"If-Modified-Since:","string",1,"FUN_00407a28",""
"0040c2e8",8,"Referer:","string",1,"FUN_00407a28",""
"0040c2f4",11,"User-Agent:","string",1,"FUN_00407a28",""
"0040c300",16,"Accept-Language:","string",1,"FUN_00407a28",""
"0040c314",11,"SOAPAction:","string",1,"FUN_00407a28",""
"0040c320",27,"urn:NETGEAR-ROUTER:service:","string",1,"FUN_00407a28",""
"0040c33c",7,"/shares","string",1,"FUN_00407a28",""
"0040c344",7,"aplogin","string",5,"FUN_00407a28",""
"0040c34c",22,"http_server_wan_enable","string",2,"FUN_00407a28",""
"0040c364",9,"fw_remote","string",2,"FUN_00407a28",""
"0040c370",12,"wifi_ap_mode","string",4,"FUN_00407a28",""
"0040c380",15,"setupwizard.cgi","string",1,"FUN_00407a28",""
"0040c390",47,"/bin/echo it is for setupwizard! >> /tmp/sw.log","string",1,"FUN_00407a28",""
"0040c3c0",27,"/setupwizard.cgi HTTP/1.1
","string",1,"FUN_00407a28",""
"0040c3dc",14,"/tmp/dnshj.out","string",2,"main",""
"0040c3f0",37,"/ca/setup.cgi?next_file=%s HTTP/1.1
","string",1,"FUN_00407a28",""
"0040c418",20,"/tmp/blank_state.out","string",2,"FUN_00407a28",""
"0040c430",23,"/tmp/tm_already_warning","string",5,"FUN_00407a28",""
"0040c448",6,"/ HTTP","string",3,"FUN_00407a28",""
"0040c450",18,"tm_action_internet","string",1,"FUN_00407a28",""
"0040c464",18,"traffic_status.htm","string",1,"FUN_00407a28",""
"0040c478",6,"_h.htm","string",1,"FUN_00407a28",""
"0040c480",12,"/ HTTP/1.1
","string",1,"FUN_00407a28",""
"0040c490",34,"/setup.cgi?next_file=%s HTTP/1.1
","string",2,"FUN_00407a28",""
"0040c4b4",22,"/tmp/tm_block_internet","string",1,"FUN_00407a28",""
"0040c4cc",23,"/usr/sbin/rc dnshj stop","string",3,"main",""
"0040c4e8",16,"lan_wan_conflict","string",1,"FUN_00407a28",""
"0040c4fc",9,"alert.htm","string",1,"FUN_00407a28",""
"0040c508",24,"/tmp/lan_ip_auto_changed","string",3,"FUN_00407a28",""
"0040c524",5,"Genie","string",1,"FUN_00407a28",""
"0040c52c",9,"LANWizard","string",1,"FUN_00407a28",""
"0040c538",5,".aspx","string",1,"FUN_00407a28",""
"0040c540",21,"/tmp/conflict_warning","string",7,"FUN_00407a28",""
"0040c558",56,"/setup.cgi?next_file=BRS_wanlan_conflict.html HTTP/1.1
","string",1,"FUN_00407a28",""
"0040c594",42,"/bin/cp /proc/uptime /tmp/conflict_warning","string",1,"FUN_00407a28",""
"0040c5c0",12,"settings.jpg","string",1,"FUN_00407a28",""
"0040c5d0",37,"/bin/touch /tmp/stop_conflict_warning","string",1,"FUN_00407a28",""
"0040c5f8",12,"/proc/uptime","string",1,"FUN_00407a28",""
"0040c608",26,"/tmp/stop_conflict_warning","string",3,"main",""
"0040c624",19,"/tmp/brs_hijack.out","string",1,"FUN_00407a28",""
"0040c638",16,"www.msftncsi.com","string",1,"FUN_00407a28",""
"0040c64c",8,"ncsi.txt","string",1,"FUN_00407a28",""
"0040c658",10,"wan_ifname","string",1,"FUN_00407a28",""
"0040c664",12,"wifi_ap_name","string",1,"FUN_00407a28",""
"0040c67c",16,"/tmp/wizard_vlan","string",1,"FUN_00407a28",""
"0040c690",16,"multi_login.html","string",2,"FUN_00407a28",""
"0040c6a4",19,"/tmp/brs_gui_hijack","string",1,"FUN_00407a28",""
"0040c6b8",32,"/setup.cgi?next_file=%s HTTP/1.1","string",1,"FUN_00407a28",""
"0040c6dc",22,"BRS_hijack_success.htm","string",1,"FUN_00407a28",""
"0040c6f4",20,"BRS_hijack_index.htm","string",1,"FUN_00407a28",""
"0040c70c",13,"BRS_index.htm","string",1,"FUN_00407a28",""
"0040c71c",12,"config_state","string",1,"FUN_00407a28",""
"0040c72c",14,"need_not_login","string",2,"FUN_00407a28",""
"0040c768",23,"PNPX_GetShareFolderList","string",1,"FUN_00407a28",""
"0040c780",18,"currentsetting.htm","string",3,"FUN_00407a28",""
"0040c794",13,"http_password","string",1,"FUN_00407a28",""
"0040c7a8",10,"!@#$%^&*()","string",1,"FUN_00407a28",""
"0040c7b8",10,"/ HTTP/1.1","string",1,"FUN_00407a28",""
"0040c7c4",17,"CheckNewLang.html","string",1,"FUN_00407a28",""
"0040c7d8",46,"/setup.cgi?next_file=PWD_password.htm HTTP/1.1","string",1,"FUN_00407a28",""
"0040c808",6,"shares","string",1,"FUN_00407a28",""
"0040c810",25,"%s/setup.cgi?next_file=%s","string",1,"FUN_00407a28",""
"0040c82c",31,"That method is not implemented.","string",1,"FUN_00407a28",""
"0040c84c",13,"Bad filename.","string",1,"FUN_00407a28",""
"0040c870",17,"Illegal filename.","string",1,"FUN_00407a28",""
"0040c884",12,"UNKNOWN_HOST","string",4,"FUN_00407a28",""
"0040c894",5,"%s/%s","string",2,"FUN_00407a28",""
"0040c89c",16,"Location: %s/?%s","string",1,"FUN_00407a28",""
"0040c8b0",13,"Location: %s/","string",1,"FUN_00407a28",""
"0040c8c0",34,"Directories must end with a slash.","string",1,"FUN_00407a28",""
"0040c8e4",21,"/tmp/http_disable_lan","string",1,"FUN_00407a28",""
"0040c8fc",26,"The Share is not available","string",1,"FUN_00407a28",""
"0040c918",24,"/sys/bus/usb/devices/1-1","string",1,"FUN_00407a28",""
"0040c934",24,"/sys/bus/usb/devices/1-2","string",1,"FUN_00407a28",""
"0040c950",24,"/sys/bus/usb/devices/1-3","string",1,"FUN_00407a28",""
"0040c96c",24,"/sys/bus/usb/devices/1-4","string",1,"FUN_00407a28",""
"0040c988",19,"No Shares Available","string",0,"",""
"0040c99c",23,"Directory is protected.","string",1,"FUN_00407a28",""
"0040c9b4",36,"%.80s Directory ""%.80s"" is protected","string",1,"FUN_00407a28",""
"0040c9dc",214,"<HTML>
<HEAD>
<META http-equiv=""Content-Type"" content=""text/html; charset=UTF-8"">
<TITLE>Index of %s</TITLE></HEAD>
<BODY BGCOLOR=""#99cc99"" TEXT=""#000000"" LINK=""#2020ff"" VLINK=""#4040cc"">
<H4>Index of %s</H4>
<PRE>
","string",1,"FUN_00407a28",""
"0040cab8",39,"<A HREF=""%s"">[To Parent Directory]</A>
","string",1,"FUN_00407a28",""
"0040cae0",23,"%A, %B %d, %Y  %l:%M %p","string",1,"FUN_00407a28",""
"0040caf8",37,"%-40s %14lld     <A HREF=""%s"">%s</A>
","string",1,"FUN_00407a28",""
"0040cb20",67,"</PRE>
<HR>
<ADDRESS><A HREF=""%s"">%s</A></ADDRESS>
</BODY>
</HTML>
","string",1,"FUN_00407a28",""
"0040cb64",57,"/bin/echo genie from wan, drop request now > /dev/console","string",1,"FUN_00407a28",""
"0040cba0",18,"htpwd_recovery.cgi","string",1,"FUN_00407a28",""
"0040cbb8",9,"setup.cgi","string",1,"","addr 0040cbb8"
"0040cbc4",10,"index.html","string",1,"","addr 0040cbc4"
"0040cbd0",11,"index.xhtml","string",1,"","addr 0040cbd0"
"0040cbdc",9,"index.xht","string",1,"","addr 0040cbdc"
"0040cbe8",11,"Default.htm","string",1,"","addr 0040cbe8"
"0040cbf4",15,"/tmp/http_debug","string",0,"",""
"0040cc08",10,"iso-8859-1","string",1,"main",""
"0040cc14",14,"mini_httpd.pem","string",4,"main",""
"0040cc7c",12,"remote_httpd","string",1,"main",""
"0040cc8c",23,"/var/remote_httpd.cache","string",1,"main",""
"0040ccac",14,"/tmp/upgrading","string",1,"main",""
"0040ccc0",8,"compress","string",3,"main",""
"0040ccdc",10,"x-uuencode","string",0,"",""
"0040cce8",21,"text/html; charset=%s","string",2,"main",""
"0040cd08",13,"text/richtext","string",0,"",""
"0040cd1c",13,"text/x-setext","string",0,"",""
"0040cd30",25,"text/tab-separated-values","string",0,"",""
"0040cd50",8,"text/css","string",0,"",""
"0040cd60",8,"text/xml","string",0,"",""
"0040cd78",21,"application/xhtml+xml","string",0,"",""
"0040cd98",9,"image/gif","string",0,"",""
"0040cda8",10,"image/jpeg","string",0,"",""
"0040cdcc",10,"image/tiff","string",0,"",""
"0040cde4",23,"image/x-portable-bitmap","string",0,"",""
"0040ce00",24,"image/x-portable-graymap","string",0,"",""
"0040ce20",23,"image/x-portable-pixmap","string",0,"",""
"0040ce3c",23,"image/x-portable-anymap","string",0,"",""
"0040ce58",15,"image/x-xbitmap","string",0,"",""
"0040ce6c",15,"image/x-xpixmap","string",0,"",""
"0040ce80",19,"image/x-xwindowdump","string",0,"",""
"0040ce98",9,"image/ief","string",0,"",""
"0040cea8",9,"image/png","string",0,"",""
"0040ceb8",11,"audio/basic","string",0,"",""
"0040cecc",12,"audio/x-aiff","string",0,"",""
"0040cee8",20,"audio/x-pn-realaudio","string",0,"",""
"0040cf0c",27,"audio/x-pn-realaudio-plugin","string",0,"",""
"0040cf2c",9,"audio/wav","string",0,"",""
"0040cf3c",10,"audio/midi","string",0,"",""
"0040cf5c",10,"audio/mpeg","string",0,"",""
"0040cf74",13,"audio/mpegurl","string",0,"",""
"0040cf88",14,"audio/x-ms-wma","string",0,"",""
"0040cf9c",14,"audio/x-ms-wax","string",0,"",""
"0040cfb4",10,"video/mpeg","string",0,"",""
"0040cfcc",15,"video/quicktime","string",0,"",""
"0040cfe4",15,"video/x-msvideo","string",0,"",""
"0040cff4",17,"video/x-sgi-movie","string",0,"",""
"0040d008",22,"video/x-rad-screenplay","string",0,"",""
"0040d024",14,"video/x-ms-asf","string",0,"",""
"0040d03c",14,"video/x-ms-wmv","string",0,"",""
"0040d050",14,"video/x-ms-wvx","string",0,"",""
"0040d064",13,"video/x-ms-wm","string",0,"",""
"0040d078",14,"video/x-ms-wmx","string",0,"",""
"0040d088",24,"application/octet-stream","string",0,"",""
"0040d0b4",5,"class","string",0,"",""
"0040d0bc",16,"application/java","string",0,"",""
"0040d0d4",24,"application/x-javascript","string",0,"",""
"0040d0f4",22,"application/postscript","string",0,"",""
"0040d114",22,"application/x-director","string",2,"FUN_00406f24",""
"0040d13c",28,"application/x-authorware-map","string",0,"",""
"0040d160",28,"application/x-authorware-seg","string",0,"",""
"0040d184",28,"application/x-authorware-bin","string",0,"",""
"0040d1a8",16,"image/x-freehand","string",0,"",""
"0040d1d0",24,"application/futuresplash","string",0,"",""
"0040d1f0",29,"application/x-shockwave-flash","string",0,"",""
"0040d214",17,"application/x-dvi","string",0,"",""
"0040d230",18,"application/x-gtar","string",0,"",""
"0040d248",17,"application/x-hdf","string",0,"",""
"0040d260",24,"application/mac-binhex40","string",0,"",""
"0040d280",22,"application/x-inventor","string",0,"",""
"0040d298",5,"latex","string",0,"",""
"0040d2a0",19,"application/x-latex","string",0,"",""
"0040d2b4",23,"application/x-troff-man","string",0,"",""
"0040d2cc",22,"application/x-troff-me","string",0,"",""
"0040d2e8",17,"application/x-mif","string",0,"",""
"0040d2fc",22,"application/x-troff-ms","string",0,"",""
"0040d314",15,"application/oda","string",0,"",""
"0040d324",15,"application/pdf","string",0,"",""
"0040d334",15,"application/rtf","string",0,"",""
"0040d34c",19,"application/x-bcpio","string",0,"",""
"0040d368",18,"application/x-cpio","string",0,"",""
"0040d384",21,"application/x-sv4cpio","string",0,"",""
"0040d3a4",20,"application/x-sv4crc","string",0,"",""
"0040d3c0",18,"application/x-shar","string",0,"",""
"0040d3e0",21,"application/x-stuffit","string",0,"",""
"0040d3f8",17,"application/x-tar","string",0,"",""
"0040d40c",17,"application/x-tex","string",0,"",""
"0040d428",21,"application/x-texinfo","string",0,"",""
"0040d440",7,"texinfo","string",0,"",""
"0040d44c",19,"application/x-troff","string",0,"",""
"0040d46c",28,"application/x-zip-compressed","string",0,"",""
"0040d490",12,"application/","string",0,"",""
"0040d4a4",19,"application/dsptype","string",0,"",""
"0040d4c0",25,"application/x-wais-source","string",0,"",""
"0040d4dc",5,"ustar","string",0,"",""
"0040d4e4",19,"application/x-ustar","string",0,"",""
"0040d4fc",20,"application/x-netcdf","string",0,"",""
"0040d51c",18,"application/msword","string",0,"",""
"0040d534",22,"application/powerpoint","string",0,"",""
"0040d550",20,"application/x-ms-wmz","string",0,"",""
"0040d56c",20,"application/x-ms-wmd","string",0,"",""
"0040d588",26,"application/x-x509-ca-cert","string",0,"",""
"0040d5a4",23,"application/x-pkcs7-crl","string",0,"",""
"0040d5dc",14,"message/rfc822","string",0,"",""
"0040d5f0",33,"application/x-ns-proxy-autoconfig","string",0,"",""
"0040d618",16,"text/vnd.wap.wml","string",0,"",""
"0040d62c",24,"application/vnd.wap.wmlc","string",0,"",""
"0040d650",22,"text/vnd.wap.wmlscript","string",0,"",""
"0040d670",30,"application/vnd.wap.wmlscriptc","string",0,"",""
"0040d698",18,"image/vnd.wap.wbmp","string",0,"",""
"0040d6b0",30,"application/vnd.sun.xml.writer","string",0,"",""
"0040d6d4",39,"application/vnd.sun.xml.writer.template","string",0,"",""
"0040d700",37,"application/vnd.sun.xml.writer.global","string",0,"",""
"0040d72c",28,"application/vnd.sun.xml.calc","string",0,"",""
"0040d750",37,"application/vnd.sun.xml.calc.template","string",0,"",""
"0040d77c",31,"application/vnd.sun.xml.impress","string",0,"",""
"0040d7a0",40,"application/vnd.sun.xml.impress.template","string",0,"",""
"0040d7d0",28,"application/vnd.sun.xml.draw","string",0,"",""
"0040d7f4",37,"application/vnd.sun.xml.draw.template","string",0,"",""
"0040d820",28,"application/vnd.sun.xml.math","string",0,"",""
"0040d840",18,"update_setting.htm","string",1,"","addr 0040d840"
"0040d854",13,"debuginfo.htm","string",1,"","addr 0040d854"
"0040d864",20,"important_update.htm","string",1,"","addr 0040d864"
"0040d87c",11,"MNU_top.htm","string",1,"","addr 0040d87c"
"0040d888",14,"warning_pg.htm","string",1,"","addr 0040d888"
"0040d898",16,"401_recovery.htm","string",1,"","addr 0040d898"
"0040d8ac",21,"401_access_denied.htm","string",1,"","addr 0040d8ac"
"0040d8c4",24,"BRS_netgear_success.html","string",1,"","addr 0040d8c4"
"0040d8e0",12,"BRS_top.html","string",1,"","addr 0040d8e0"
"0040d8f0",25,"BRS_miiicasa_success.html","string",1,"","addr 0040d8f0"
"0040dd10",31,"%d-%400[a-zA-Z]-%d %d:%d:%d GMT","string",1,"tdate_parse",""
"0040dd30",31,"%d %400[a-zA-Z] %d %d:%d:%d GMT","string",1,"tdate_parse",""
"0040dd50",31,"%d:%d:%d GMT %d-%400[a-zA-Z]-%d","string",1,"tdate_parse",""
"0040dd70",31,"%d:%d:%d GMT %d %400[a-zA-Z] %d","string",1,"tdate_parse",""
"0040dd90",45,"%400[a-zA-Z], %d-%400[a-zA-Z]-%d %d:%d:%d GMT","string",1,"tdate_parse",""
"0040ddc0",45,"%400[a-zA-Z], %d %400[a-zA-Z] %d %d:%d:%d GMT","string",1,"tdate_parse",""
"0040ddf0",44,"%400[a-zA-Z] %400[a-zA-Z] %d %d:%d:%d GMT %d","string",1,"tdate_parse",""
"0040de24",6,"sunday","string",0,"",""
"0040de30",6,"monday","string",0,"",""
"0040de3c",7,"tuesday","string",0,"",""
"0040de48",9,"wednesday","string",0,"",""
"0040de58",8,"thursday","string",0,"",""
"0040de68",6,"friday","string",0,"",""
"0040de74",8,"saturday","string",0,"",""
"0040de84",7,"january","string",0,"",""
"0040de90",8,"february","string",0,"",""
"0040dea0",5,"march","string",0,"",""
"0040deac",5,"april","string",0,"",""
"0040ded4",6,"august","string",0,"",""
"0040dee0",9,"september","string",0,"",""
"0040def0",7,"october","string",0,"",""
"0040defc",8,"november","string",0,"",""
"0040df0c",8,"december","string",0,"",""
"0041e048",16,"/var/httpd.cache","string",3,"main",""
"0041e068",395,"<html><head><meta http-equiv='Pragma' content='no-cache'><meta http-equiv='Cache-Control' content='no-cache'><title> Authorization warning</title><script language=""javascript"" type=""text/javascript"">function cancelevent(){document.formname.submit();}</script></head><body onload=cancelevent()><form name=""formname"" action=""ptimeout.cgi"" method=""POST""><b>401 Unauthorized</b></form></body></html>","string",2,"FUN_0040598c",""
