Depth,Function,EntryPoint,Caller,CallerEntryPoint,IsLibrary
0,"_init",0040154c,"N/A",N/A,false
0,"_ftext",004015d0,"N/A",N/A,false
1,"_ftext",004015d0,"FUN_004016cc",004016cc,false
2,"FUN_004016cc",004016cc,"FUN_00406f24",00406f24,false
3,"FUN_00406f24",00406f24,"FUN_00407a28",00407a28,false
4,"FUN_00407a28",00407a28,"main",00402228,false
0,"FUN_00401c68",00401c68,"N/A",N/A,false
1,"FUN_00401c68",00401c68,"FUN_00406f24",00406f24,false
0,"FUN_00401e5c",00401e5c,"N/A",N/A,false
1,"FUN_00401e5c",00401e5c,"FUN_00406f24",00406f24,false
0,"entry",00403520,"N/A",N/A,false
0,"FUN_00403580",00403580,"N/A",N/A,false
1,"FUN_00403580",00403580,"_fini",0040b6e0,false
0,"FUN_0040364c",0040364c,"N/A",N/A,false
1,"FUN_0040364c",0040364c,"_init",0040154c,false
0,"FUN_004036d0",004036d0,"N/A",N/A,false
1,"FUN_004036d0",004036d0,"FUN_00407a28",00407a28,false
0,"FUN_00403794",00403794,"N/A",N/A,false
1,"FUN_00403794",00403794,"FUN_00403d98",00403d98,false
2,"FUN_00403d98",00403d98,"FUN_0040598c",0040598c,false
3,"FUN_0040598c",0040598c,"FUN_004064fc",004064fc,false
4,"FUN_004064fc",004064fc,"FUN_00407a28",00407a28,false
4,"FUN_004064fc",004064fc,"FUN_00406f24",00406f24,false
3,"FUN_0040598c",0040598c,"FUN_00406adc",00406adc,false
4,"FUN_00406adc",00406adc,"FUN_00407a28",00407a28,false
4,"FUN_00406adc",00406adc,"FUN_00406f24",00406f24,false
2,"FUN_00403d98",00403d98,"FUN_0040555c",0040555c,false
3,"FUN_0040555c",0040555c,"FUN_004064fc",004064fc,false
3,"FUN_0040555c",0040555c,"FUN_0040560c",0040560c,false
3,"FUN_0040555c",0040555c,"FUN_00405728",00405728,false
4,"FUN_00405728",00405728,"FUN_00407a28",00407a28,false
4,"FUN_00405728",00405728,"FUN_00406f24",00406f24,false
3,"FUN_0040555c",0040555c,"FUN_00407a28",00407a28,false
3,"FUN_0040555c",0040555c,"FUN_00406adc",00406adc,false
3,"FUN_0040555c",0040555c,"FUN_00406f24",00406f24,false
2,"FUN_00403d98",00403d98,"FUN_00407a28",00407a28,false
2,"FUN_00403d98",00403d98,"FUN_00406f24",00406f24,false
1,"FUN_00403794",00403794,"FUN_004016cc",004016cc,false
1,"FUN_00403794",00403794,"FUN_00407a28",00407a28,false
0,"FUN_004037e4",004037e4,"N/A",N/A,false
0,"FUN_00403870",00403870,"N/A",N/A,false
0,"FUN_00403890",00403890,"N/A",N/A,false
1,"FUN_00403890",00403890,"_ftext",004015d0,false
1,"FUN_00403890",00403890,"FUN_00404bbc",00404bbc,false
2,"FUN_00404bbc",00404bbc,"main",00402228,false
1,"FUN_00403890",00403890,"FUN_00406f24",00406f24,false
0,"FUN_004038dc",004038dc,"N/A",N/A,false
1,"FUN_004038dc",004038dc,"main",00402228,false
0,"FUN_004039dc",004039dc,"N/A",N/A,false
1,"FUN_004039dc",004039dc,"main",00402228,false
1,"FUN_004039dc",004039dc,"FUN_00406adc",00406adc,false
0,"FUN_00403a84",00403a84,"N/A",N/A,false
0,"FUN_00403af0",00403af0,"N/A",N/A,false
1,"FUN_00403af0",00403af0,"_ftext",004015d0,false
1,"FUN_00403af0",00403af0,"FUN_00403b3c",00403b3c,false
2,"FUN_00403b3c",00403b3c,"FUN_00401e5c",00401e5c,false
2,"FUN_00403b3c",00403b3c,"FUN_00407a28",00407a28,false
2,"FUN_00403b3c",00403b3c,"FUN_00403c3c",00403c3c,false
3,"FUN_00403c3c",00403c3c,"FUN_00403d98",00403d98,false
3,"FUN_00403c3c",00403c3c,"FUN_00404580",00404580,false
4,"FUN_00404580",00404580,"FUN_0040555c",0040555c,false
3,"FUN_00403c3c",00403c3c,"FUN_0040598c",0040598c,false
3,"FUN_00403c3c",00403c3c,"FUN_0040478c",0040478c,false
4,"FUN_0040478c",0040478c,"FUN_0040555c",0040555c,false
3,"FUN_00403c3c",00403c3c,"FUN_00403c78",00403c78,false
4,"FUN_00403c78",00403c78,"FUN_00404580",00404580,false
3,"FUN_00403c3c",00403c3c,"FUN_00407a28",00407a28,false
1,"FUN_00403af0",00403af0,"FUN_00405728",00405728,false
0,"FUN_00403d0c",00403d0c,"N/A",N/A,false
1,"FUN_00403d0c",00403d0c,"FUN_00407a28",00407a28,false
0,"FUN_00404444",00404444,"N/A",N/A,false
1,"FUN_00404444",00404444,"FUN_00404580",00404580,false
1,"FUN_00404444",00404444,"FUN_0040598c",0040598c,false
1,"FUN_00404444",00404444,"FUN_00406adc",00406adc,false
0,"FUN_00404898",00404898,"N/A",N/A,false
1,"FUN_00404898",00404898,"FUN_004064fc",004064fc,false
0,"FUN_00404924",00404924,"N/A",N/A,false
1,"FUN_00404924",00404924,"FUN_00405ab8",00405ab8,false
2,"FUN_00405ab8",00405ab8,"FUN_00406adc",00406adc,false
1,"FUN_00404924",00404924,"FUN_0040590c",0040590c,false
2,"FUN_0040590c",0040590c,"FUN_0040598c",0040598c,false
2,"FUN_0040590c",0040590c,"FUN_00406adc",00406adc,false
0,"FUN_004049cc",004049cc,"N/A",N/A,false
0,"FUN_00404a04",00404a04,"N/A",N/A,false
1,"FUN_00404a04",00404a04,"FUN_00404a58",00404a58,false
2,"FUN_00404a58",00404a58,"FUN_00407a28",00407a28,false
2,"FUN_00404a58",00404a58,"FUN_00406f24",00406f24,false
0,"FUN_00404b4c",00404b4c,"N/A",N/A,false
1,"FUN_00404b4c",00404b4c,"FUN_00404bbc",00404bbc,false
0,"FUN_00404b84",00404b84,"N/A",N/A,false
1,"FUN_00404b84",00404b84,"FUN_00404bbc",00404bbc,false
0,"FUN_00405238",00405238,"N/A",N/A,false
0,"FUN_004052e8",004052e8,"N/A",N/A,false
1,"FUN_004052e8",004052e8,"FUN_004064fc",004064fc,false
1,"FUN_004052e8",004052e8,"main",00402228,false
1,"FUN_004052e8",004052e8,"FUN_00406adc",00406adc,false
0,"FUN_00405378",00405378,"N/A",N/A,false
1,"FUN_00405378",00405378,"FUN_004064fc",004064fc,false
1,"FUN_00405378",00405378,"main",00402228,false
1,"FUN_00405378",00405378,"FUN_00406adc",00406adc,false
0,"FUN_004053e0",004053e0,"N/A",N/A,false
1,"FUN_004053e0",004053e0,"main",00402228,false
1,"FUN_004053e0",004053e0,"FUN_00406adc",00406adc,false
0,"FUN_004054b4",004054b4,"N/A",N/A,false
1,"FUN_004054b4",004054b4,"FUN_00401c68",00401c68,false
1,"FUN_004054b4",004054b4,"FUN_00407a28",00407a28,false
0,"FUN_004054fc",004054fc,"N/A",N/A,false
1,"FUN_004054fc",004054fc,"FUN_00401e5c",00401e5c,false
1,"FUN_004054fc",004054fc,"FUN_00405544",00405544,false
2,"FUN_00405544",00405544,"FUN_0040598c",0040598c,false
2,"FUN_00405544",00405544,"FUN_0040555c",0040555c,false
2,"FUN_00405544",00405544,"FUN_00407a28",00407a28,false
2,"FUN_00405544",00405544,"FUN_00406f24",00406f24,false
1,"FUN_004054fc",004054fc,"FUN_00405634",00405634,false
2,"FUN_00405634",00405634,"FUN_00406f24",00406f24,false
0,"FUN_00405b38",00405b38,"N/A",N/A,false
1,"FUN_00405b38",00405b38,"FUN_00407a28",00407a28,false
0,"FUN_00405c44",00405c44,"N/A",N/A,false
1,"FUN_00405c44",00405c44,"FUN_004064fc",004064fc,false
1,"FUN_00405c44",00405c44,"FUN_00406adc",00406adc,false
0,"FUN_00405d58",00405d58,"N/A",N/A,false
1,"FUN_00405d58",00405d58,"FUN_004064fc",004064fc,false
1,"FUN_00405d58",00405d58,"FUN_00405e00",00405e00,false
2,"FUN_00405e00",00405e00,"FUN_00407a28",00407a28,false
2,"FUN_00405e00",00405e00,"FUN_00406f24",00406f24,false
0,"FUN_00406090",00406090,"N/A",N/A,false
1,"FUN_00406090",00406090,"FUN_00407a28",00407a28,false
1,"FUN_00406090",00406090,"FUN_004062c0",004062c0,false
2,"FUN_004062c0",004062c0,"FUN_004064fc",004064fc,false
2,"FUN_004062c0",004062c0,"FUN_00407a28",00407a28,false
2,"FUN_004062c0",004062c0,"FUN_00406adc",00406adc,false
0,"FUN_004061a8",004061a8,"N/A",N/A,false
1,"FUN_004061a8",004061a8,"FUN_004062c0",004062c0,false
0,"FUN_0040a4c0",0040a4c0,"N/A",N/A,false
1,"FUN_0040a4c0",0040a4c0,"FUN_0040a4c0",0040a4c0,false
1,"FUN_0040a4c0",0040a4c0,"match",0040a5fc,false
2,"match",0040a5fc,"FUN_0040478c",0040478c,false
2,"match",0040a5fc,"FUN_00405728",00405728,false
2,"match",0040a5fc,"FUN_00406f24",00406f24,false
0,"FUN_0040a6b0",0040a6b0,"N/A",N/A,false
1,"FUN_0040a6b0",0040a6b0,"FUN_0040a8a0",0040a8a0,false
2,"FUN_0040a8a0",0040a8a0,"tdate_parse",0040a958,false
3,"tdate_parse",0040a958,"FUN_00407a28",00407a28,false
1,"FUN_0040a6b0",0040a6b0,"FUN_0040a808",0040a808,false
2,"FUN_0040a808",0040a808,"tdate_parse",0040a958,false
0,"FUN_0040a738",0040a738,"N/A",N/A,false
1,"FUN_0040a738",0040a738,"FUN_0040a8a0",0040a8a0,false
1,"FUN_0040a738",0040a738,"FUN_0040a808",0040a808,false
0,"FUN_0040a938",0040a938,"N/A",N/A,false
0,"FUN_0040aea0",0040aea0,"N/A",N/A,false
1,"FUN_0040aea0",0040aea0,"_init",0040154c,false
0,"tolower",0040aef0,"N/A",N/A,false
1,"tolower",0040aef0,"FUN_0040a6b0",0040a6b0,false
0,"bind",0040af00,"N/A",N/A,false
1,"bind",0040af00,"FUN_004038dc",004038dc,false
0,"gethostbyname",0040af10,"N/A",N/A,false
1,"gethostbyname",0040af10,"main",00402228,false
0,"strftime",0040af20,"N/A",N/A,false
1,"strftime",0040af20,"FUN_00403d98",00403d98,false
1,"strftime",0040af20,"FUN_00407a28",00407a28,false
0,"strtok_r",0040af30,"N/A",N/A,false
1,"strtok_r",0040af30,"FUN_004064fc",004064fc,false
0,"__errno_location",0040af40,"N/A",N/A,false
1,"__errno_location",0040af40,"FUN_00401c68",00401c68,false
1,"__errno_location",0040af40,"FUN_004037e4",004037e4,false
1,"__errno_location",0040af40,"main",00402228,false
0,"fcntl64",0040af50,"N/A",N/A,false
1,"fcntl64",0040af50,"FUN_004038dc",004038dc,false
1,"fcntl64",0040af50,"FUN_00401c68",00401c68,false
0,"getenv",0040af60,"N/A",N/A,false
1,"getenv",0040af60,"FUN_004016cc",004016cc,false
0,"daemon",0040af70,"N/A",N/A,false
1,"daemon",0040af70,"main",00402228,false
0,"fwrite",0040af80,"N/A",N/A,false
1,"fwrite",0040af80,"FUN_00404898",00404898,false
1,"fwrite",0040af80,"FUN_00404924",00404924,false
0,"system",0040af90,"N/A",N/A,false
1,"system",0040af90,"main",00402228,false
1,"system",0040af90,"FUN_00407a28",00407a28,false
1,"system",0040af90,"FUN_00406adc",00406adc,false
0,"usleep",0040afa0,"N/A",N/A,false
1,"usleep",0040afa0,"FUN_00405ab8",00405ab8,false
1,"usleep",0040afa0,"FUN_0040590c",0040590c,false
1,"usleep",0040afa0,"FUN_004053e0",004053e0,false
0,"memcpy",0040afb0,"N/A",N/A,false
1,"memcpy",0040afb0,"FUN_00401e5c",00401e5c,false
1,"memcpy",0040afb0,"main",00402228,false
1,"memcpy",0040afb0,"FUN_00407a28",00407a28,false
0,"sleep",0040afc0,"N/A",N/A,false
1,"sleep",0040afc0,"FUN_00401c68",00401c68,false
1,"sleep",0040afc0,"main",00402228,false
0,"realloc",0040afd0,"N/A",N/A,false
1,"realloc",0040afd0,"_ftext",004015d0,false
1,"realloc",0040afd0,"FUN_00403b3c",00403b3c,false
0,"vfprintf",0040afe0,"N/A",N/A,false
0,"sysinfo",0040aff0,"N/A",N/A,false
1,"sysinfo",0040aff0,"FUN_00405ab8",00405ab8,false
1,"sysinfo",0040aff0,"FUN_004064fc",004064fc,false
1,"sysinfo",0040aff0,"FUN_004053e0",004053e0,false
1,"sysinfo",0040aff0,"FUN_00406adc",00406adc,false
0,"strspn",0040b000,"N/A",N/A,false
1,"strspn",0040b000,"FUN_00401e5c",00401e5c,false
1,"strspn",0040b000,"FUN_00407a28",00407a28,false
1,"strspn",0040b000,"FUN_00404bbc",00404bbc,false
0,"getsockname",0040b010,"N/A",N/A,false
1,"getsockname",0040b010,"FUN_00407a28",00407a28,false
0,"strcat",0040b020,"N/A",N/A,false
1,"strcat",0040b020,"FUN_00405238",00405238,false
1,"strcat",0040b020,"main",00402228,false
0,"execve",0040b030,"N/A",N/A,false
1,"execve",0040b030,"FUN_00406f24",00406f24,false
0,"openlog",0040b040,"N/A",N/A,false
1,"openlog",0040b040,"main",00402228,false
0,"SSL_load_error_strings",0040b050,"N/A",N/A,false
1,"SSL_load_error_strings",0040b050,"main",00402228,false
0,"getcwd",0040b060,"N/A",N/A,false
1,"getcwd",0040b060,"FUN_00405238",00405238,false
1,"getcwd",0040b060,"main",00402228,false
0,"strcasecmp",0040b070,"N/A",N/A,false
1,"strcasecmp",0040b070,"FUN_00407a28",00407a28,false
1,"strcasecmp",0040b070,"FUN_00404bbc",00404bbc,false
0,"atol",0040b080,"N/A",N/A,false
1,"atol",0040b080,"FUN_00407a28",00407a28,false
0,"malloc",0040b090,"N/A",N/A,false
1,"malloc",0040b090,"FUN_00403af0",00403af0,false
1,"malloc",0040b090,"FUN_00406f24",00406f24,false
0,"strrchr",0040b0a0,"N/A",N/A,false
1,"strrchr",0040b0a0,"FUN_00407a28",00407a28,false
1,"strrchr",0040b0a0,"FUN_00406f24",00406f24,false
0,"strncmp",0040b0b0,"N/A",N/A,false
1,"strncmp",0040b0b0,"FUN_004064fc",004064fc,false
1,"strncmp",0040b0b0,"FUN_00405e00",00405e00,false
1,"strncmp",0040b0b0,"FUN_00407a28",00407a28,false
1,"strncmp",0040b0b0,"FUN_00406adc",00406adc,false
1,"strncmp",0040b0b0,"FUN_00406f24",00406f24,false
0,"SSL_CTX_check_private_key",0040b0c0,"N/A",N/A,false
1,"SSL_CTX_check_private_key",0040b0c0,"main",00402228,false
0,"__uClibc_main",0040b0d0,"N/A",N/A,false
1,"__uClibc_main",0040b0d0,"entry",00403520,false
0,"fopen64",0040b0e0,"N/A",N/A,false
1,"fopen64",0040b0e0,"FUN_00403d0c",00403d0c,false
1,"fopen64",0040b0e0,"FUN_004064fc",004064fc,false
1,"fopen64",0040b0e0,"FUN_004039dc",004039dc,false
1,"fopen64",0040b0e0,"FUN_00404898",00404898,false
1,"fopen64",0040b0e0,"FUN_00403a84",00403a84,false
1,"fopen64",0040b0e0,"FUN_00403c78",00403c78,false
1,"fopen64",0040b0e0,"FUN_00405e00",00405e00,false
1,"fopen64",0040b0e0,"main",00402228,false
1,"fopen64",0040b0e0,"FUN_00404924",00404924,false
1,"fopen64",0040b0e0,"FUN_00407a28",00407a28,false
1,"fopen64",0040b0e0,"FUN_00404bbc",00404bbc,false
1,"fopen64",0040b0e0,"FUN_00406adc",00406adc,false
0,"ioctl",0040b0f0,"N/A",N/A,false
1,"ioctl",0040b0f0,"FUN_004061a8",004061a8,false
1,"ioctl",0040b0f0,"FUN_00406090",00406090,false
1,"ioctl",0040b0f0,"FUN_00407a28",00407a28,false
0,"strlen",0040b100,"N/A",N/A,false
1,"strlen",0040b100,"FUN_00405238",00405238,false
1,"strlen",0040b100,"FUN_00401e5c",00401e5c,false
1,"strlen",0040b100,"FUN_0040a4c0",0040a4c0,false
1,"strlen",0040b100,"FUN_004064fc",004064fc,false
1,"strlen",0040b100,"_ftext",004015d0,false
1,"strlen",0040b100,"FUN_0040598c",0040598c,false
1,"strlen",0040b100,"FUN_00405e00",00405e00,false
1,"strlen",0040b100,"main",00402228,false
1,"strlen",0040b100,"match",0040a5fc,false
1,"strlen",0040b100,"FUN_00407a28",00407a28,false
1,"strlen",0040b100,"FUN_00406adc",00406adc,false
1,"strlen",0040b100,"FUN_00406f24",00406f24,false
0,"SSL_free",0040b110,"N/A",N/A,false
1,"SSL_free",0040b110,"FUN_0040598c",0040598c,false
1,"SSL_free",0040b110,"FUN_0040555c",0040555c,false
1,"SSL_free",0040b110,"FUN_00407a28",00407a28,false
0,"gmtime",0040b120,"N/A",N/A,false
1,"gmtime",0040b120,"FUN_00403d98",00403d98,false
0,"snprintf",0040b130,"N/A",N/A,false
1,"snprintf",0040b130,"FUN_004061a8",004061a8,false
1,"snprintf",0040b130,"FUN_00405ab8",00405ab8,false
1,"snprintf",0040b130,"FUN_004064fc",004064fc,false
1,"snprintf",0040b130,"FUN_00403d98",00403d98,false
1,"snprintf",0040b130,"FUN_00406090",00406090,false
1,"snprintf",0040b130,"_ftext",004015d0,false
1,"snprintf",0040b130,"FUN_0040598c",0040598c,false
1,"snprintf",0040b130,"FUN_00401e5c",00401e5c,false
1,"snprintf",0040b130,"FUN_00404580",00404580,false
1,"snprintf",0040b130,"FUN_004016cc",004016cc,false
1,"snprintf",0040b130,"FUN_0040478c",0040478c,false
1,"snprintf",0040b130,"FUN_00405e00",00405e00,false
1,"snprintf",0040b130,"main",00402228,false
1,"snprintf",0040b130,"FUN_00407a28",00407a28,false
1,"snprintf",0040b130,"FUN_00406f24",00406f24,false
0,"dup2",0040b140,"N/A",N/A,false
1,"dup2",0040b140,"FUN_00406f24",00406f24,false
0,"read",0040b150,"N/A",N/A,false
1,"read",0040b150,"FUN_00401e5c",00401e5c,false
1,"read",0040b150,"FUN_00401c68",00401c68,false
1,"read",0040b150,"FUN_00405634",00405634,false
0,"select",0040b160,"N/A",N/A,false
1,"select",0040b160,"main",00402228,false
0,"strncasecmp",0040b170,"N/A",N/A,false
1,"strncasecmp",0040b170,"FUN_00407a28",00407a28,false
1,"strncasecmp",0040b170,"FUN_00406f24",00406f24,false
0,"initgroups",0040b180,"N/A",N/A,false
1,"initgroups",0040b180,"main",00402228,false
0,"nvram_bcm_set",0040b190,"N/A",N/A,false
1,"nvram_bcm_set",0040b190,"FUN_004062c0",004062c0,false
0,"access",0040b1a0,"N/A",N/A,false
1,"access",0040b1a0,"FUN_004053e0",004053e0,false
1,"access",0040b1a0,"main",00402228,false
1,"access",0040b1a0,"FUN_00407a28",00407a28,false
1,"access",0040b1a0,"FUN_00406adc",00406adc,false
0,"stat64",0040b1b0,"N/A",N/A,false
1,"stat64",0040b1b0,"FUN_00407a28",00407a28,false
1,"stat64",0040b1b0,"FUN_00406adc",00406adc,false
0,"lockf64",0040b1c0,"N/A",N/A,false
1,"lockf64",0040b1c0,"FUN_004052e8",004052e8,false
1,"lockf64",0040b1c0,"FUN_00405378",00405378,false
0,"getpid",0040b1d0,"N/A",N/A,false
1,"getpid",0040b1d0,"main",00402228,false
0,"SSL_CTX_new",0040b1e0,"N/A",N/A,false
1,"SSL_CTX_new",0040b1e0,"main",00402228,false
0,"nvram_get",0040b1f0,"N/A",N/A,false
1,"nvram_get",0040b1f0,"FUN_00404444",00404444,false
1,"nvram_get",0040b1f0,"FUN_00407a28",00407a28,false
1,"nvram_get",0040b1f0,"FUN_004062c0",004062c0,false
1,"nvram_get",0040b1f0,"FUN_00406adc",00406adc,false
0,"memmove",0040b200,"N/A",N/A,false
1,"memmove",0040b200,"main",00402228,false
1,"memmove",0040b200,"FUN_00403b3c",00403b3c,false
0,"fclose",0040b210,"N/A",N/A,false
1,"fclose",0040b210,"FUN_004064fc",004064fc,false
1,"fclose",0040b210,"FUN_004039dc",004039dc,false
1,"fclose",0040b210,"FUN_00403c78",00403c78,false
1,"fclose",0040b210,"FUN_00404bbc",00404bbc,false
1,"fclose",0040b210,"FUN_00403d0c",00403d0c,false
1,"fclose",0040b210,"FUN_00404898",00404898,false
1,"fclose",0040b210,"FUN_00403a84",00403a84,false
1,"fclose",0040b210,"FUN_00405e00",00405e00,false
1,"fclose",0040b210,"main",00402228,false
1,"fclose",0040b210,"FUN_00404924",00404924,false
1,"fclose",0040b210,"FUN_00407a28",00407a28,false
1,"fclose",0040b210,"FUN_00406adc",00406adc,false
1,"fclose",0040b210,"FUN_00406f24",00406f24,false
0,"setsockopt",0040b220,"N/A",N/A,false
1,"setsockopt",0040b220,"FUN_004038dc",004038dc,false
0,"fread",0040b230,"N/A",N/A,false
1,"fread",0040b230,"FUN_004064fc",004064fc,false
1,"fread",0040b230,"FUN_004039dc",004039dc,false
1,"fread",0040b230,"FUN_00403c78",00403c78,false
0,"SSL_read",0040b240,"N/A",N/A,false
0,"scandir64",0040b250,"N/A",N/A,false
1,"scandir64",0040b250,"FUN_00407a28",00407a28,false
0,"SSL_set_fd",0040b260,"N/A",N/A,false
1,"SSL_set_fd",0040b260,"FUN_00407a28",00407a28,false
0,"gethostname",0040b270,"N/A",N/A,false
1,"gethostname",0040b270,"main",00402228,false
0,"lstat64",0040b280,"N/A",N/A,false
1,"lstat64",0040b280,"FUN_00407a28",00407a28,false
0,"time",0040b290,"N/A",N/A,false
1,"time",0040b290,"FUN_00403d98",00403d98,false
0,"write",0040b2a0,"N/A",N/A,false
1,"write",0040b2a0,"FUN_00401c68",00401c68,false
0,"getpwnam",0040b2b0,"N/A",N/A,false
1,"getpwnam",0040b2b0,"main",00402228,false
0,"inet_network",0040b2c0,"N/A",N/A,false
1,"inet_network",0040b2c0,"FUN_00404444",00404444,false
1,"inet_network",0040b2c0,"FUN_00407a28",00407a28,false
1,"inet_network",0040b2c0,"FUN_004062c0",004062c0,false
0,"localtime",0040b2d0,"N/A",N/A,false
1,"localtime",0040b2d0,"FUN_00403d98",00403d98,false
1,"localtime",0040b2d0,"FUN_00407a28",00407a28,false
0,"close",0040b2e0,"N/A",N/A,false
1,"close",0040b2e0,"FUN_004061a8",004061a8,false
1,"close",0040b2e0,"FUN_00406090",00406090,false
1,"close",0040b2e0,"FUN_00405378",00405378,false
1,"close",0040b2e0,"main",00402228,false
1,"close",0040b2e0,"FUN_00406f24",00406f24,false
0,"fputc",0040b2f0,"N/A",N/A,false
0,"setsid",0040b300,"N/A",N/A,false
1,"setsid",0040b300,"main",00402228,false
0,"tzset",0040b310,"N/A",N/A,false
1,"tzset",0040b310,"main",00402228,false
0,"nvram_get_func",0040b320,"N/A",N/A,false
1,"nvram_get_func",0040b320,"FUN_00407a28",00407a28,false
1,"nvram_get_func",0040b320,"FUN_004062c0",004062c0,false
0,"fgets",0040b330,"N/A",N/A,false
1,"fgets",0040b330,"FUN_004064fc",004064fc,false
1,"fgets",0040b330,"FUN_00405e00",00405e00,false
1,"fgets",0040b330,"FUN_00407a28",00407a28,false
1,"fgets",0040b330,"FUN_00404bbc",00404bbc,false
1,"fgets",0040b330,"FUN_00406adc",00406adc,false
0,"sscanf",0040b340,"N/A",N/A,false
1,"sscanf",0040b340,"tdate_parse",0040a958,false
0,"strncpy",0040b350,"N/A",N/A,false
1,"strncpy",0040b350,"FUN_00407a28",00407a28,false
1,"strncpy",0040b350,"FUN_00406f24",00406f24,false
0,"mmap64",0040b360,"N/A",N/A,false
1,"mmap64",0040b360,"FUN_00405634",00405634,false
0,"nice",0040b370,"N/A",N/A,false
1,"nice",0040b370,"FUN_00406f24",00406f24,false
0,"setuid",0040b380,"N/A",N/A,false
1,"setuid",0040b380,"main",00402228,false
0,"SSL_CTX_use_PrivateKey_file",0040b390,"N/A",N/A,false
1,"SSL_CTX_use_PrivateKey_file",0040b390,"main",00402228,false
0,"SSL_library_init",0040b3a0,"N/A",N/A,false
1,"SSL_library_init",0040b3a0,"main",00402228,false
0,"getppid",0040b3b0,"N/A",N/A,false
1,"getppid",0040b3b0,"FUN_00407a28",00407a28,false
0,"chdir",0040b3c0,"N/A",N/A,false
1,"chdir",0040b3c0,"FUN_00405238",00405238,false
1,"chdir",0040b3c0,"main",00402228,false
1,"chdir",0040b3c0,"FUN_00406f24",00406f24,false
0,"unlink",0040b3d0,"N/A",N/A,false
1,"unlink",0040b3d0,"FUN_0040590c",0040590c,false
1,"unlink",0040b3d0,"main",00402228,false
1,"unlink",0040b3d0,"FUN_00407a28",00407a28,false
0,"SSL_CTX_use_certificate_file",0040b3e0,"N/A",N/A,false
1,"SSL_CTX_use_certificate_file",0040b3e0,"main",00402228,false
0,"closelog",0040b3f0,"N/A",N/A,false
1,"closelog",0040b3f0,"FUN_004049cc",004049cc,false
1,"closelog",0040b3f0,"FUN_00406f24",00406f24,false
0,"fflush",0040b400,"N/A",N/A,false
1,"fflush",0040b400,"FUN_00403d98",00403d98,false
0,"memset",0040b410,"N/A",N/A,false
1,"memset",0040b410,"tdate_parse",0040a958,false
1,"memset",0040b410,"FUN_00405e00",00405e00,false
1,"memset",0040b410,"FUN_00407a28",00407a28,false
0,"inet_ntoa",0040b420,"N/A",N/A,false
1,"inet_ntoa",0040b420,"FUN_004061a8",004061a8,false
1,"inet_ntoa",0040b420,"FUN_00403d98",00403d98,false
1,"inet_ntoa",0040b420,"FUN_00406090",00406090,false
1,"inet_ntoa",0040b420,"FUN_004016cc",004016cc,false
1,"inet_ntoa",0040b420,"main",00402228,false
1,"inet_ntoa",0040b420,"FUN_00407a28",00407a28,false
0,"qsort",0040b430,"N/A",N/A,false
1,"qsort",0040b430,"FUN_0040a8a0",0040a8a0,false
1,"qsort",0040b430,"FUN_0040a808",0040a808,false
1,"qsort",0040b430,"main",00402228,false
0,"perror",0040b440,"N/A",N/A,false
1,"perror",0040b440,"FUN_004061a8",004061a8,false
1,"perror",0040b440,"FUN_00406090",00406090,false
1,"perror",0040b440,"FUN_00407a28",00407a28,false
0,"SSL_CTX_set_cipher_list",0040b450,"N/A",N/A,false
1,"SSL_CTX_set_cipher_list",0040b450,"main",00402228,false
0,"flock",0040b460,"N/A",N/A,false
1,"flock",0040b460,"FUN_00406f24",00406f24,false
0,"munmap",0040b470,"N/A",N/A,false
1,"munmap",0040b470,"FUN_00405634",00405634,false
0,"SSL_new",0040b480,"N/A",N/A,false
1,"SSL_new",0040b480,"FUN_00407a28",00407a28,false
0,"getuid",0040b490,"N/A",N/A,false
1,"getuid",0040b490,"main",00402228,false
0,"SSL_write",0040b4a0,"N/A",N/A,false
0,"fprintf",0040b4b0,"N/A",N/A,false
1,"fprintf",0040b4b0,"FUN_00403d98",00403d98,false
1,"fprintf",0040b4b0,"main",00402228,false
0,"inet_addr",0040b4c0,"N/A",N/A,false
1,"inet_addr",0040b4c0,"main",00402228,false
0,"strcspn",0040b4d0,"N/A",N/A,false
1,"strcspn",0040b4d0,"FUN_0040a4c0",0040a4c0,false
1,"strcspn",0040b4d0,"FUN_00404bbc",00404bbc,false
0,"setgroups",0040b4e0,"N/A",N/A,false
1,"setgroups",0040b4e0,"main",00402228,false
0,"syslog",0040b4f0,"N/A",N/A,false
1,"syslog",0040b4f0,"FUN_004064fc",004064fc,false
1,"syslog",0040b4f0,"FUN_00404444",00404444,false
1,"syslog",0040b4f0,"FUN_00407a28",00407a28,false
1,"syslog",0040b4f0,"FUN_00406adc",00406adc,false
0,"sprintf",0040b500,"N/A",N/A,false
1,"sprintf",0040b500,"FUN_00405b38",00405b38,false
0,"strcasestr",0040b510,"N/A",N/A,false
1,"strcasestr",0040b510,"FUN_00407a28",00407a28,false
0,"socket",0040b520,"N/A",N/A,false
1,"socket",0040b520,"FUN_004061a8",004061a8,false
1,"socket",0040b520,"FUN_004038dc",004038dc,false
1,"socket",0040b520,"FUN_00406090",00406090,false
1,"socket",0040b520,"FUN_00407a28",00407a28,false
0,"SSL_accept",0040b530,"N/A",N/A,false
1,"SSL_accept",0040b530,"FUN_00407a28",00407a28,false
0,"exit",0040b540,"N/A",N/A,false
1,"exit",0040b540,"FUN_004049cc",004049cc,false
1,"exit",0040b540,"FUN_00404b4c",00404b4c,false
1,"exit",0040b540,"_ftext",004015d0,false
1,"exit",0040b540,"FUN_0040598c",0040598c,false
1,"exit",0040b540,"FUN_00403b3c",00403b3c,false
1,"exit",0040b540,"FUN_0040555c",0040555c,false
1,"exit",0040b540,"FUN_00404b84",00404b84,false
1,"exit",0040b540,"FUN_00403890",00403890,false
1,"exit",0040b540,"FUN_00404bbc",00404bbc,false
1,"exit",0040b540,"FUN_00403af0",00403af0,false
1,"exit",0040b540,"main",00402228,false
1,"exit",0040b540,"FUN_00407a28",00407a28,false
1,"exit",0040b540,"FUN_00406adc",00406adc,false
1,"exit",0040b540,"FUN_00406f24",00406f24,false
0,"fork",0040b550,"N/A",N/A,false
1,"fork",0040b550,"main",00402228,false
1,"fork",0040b550,"FUN_00406f24",00406f24,false
0,"strstr",0040b560,"N/A",N/A,false
1,"strstr",0040b560,"FUN_00401e5c",00401e5c,false
1,"strstr",0040b560,"FUN_004064fc",004064fc,false
1,"strstr",0040b560,"main",00402228,false
1,"strstr",0040b560,"FUN_00405728",00405728,false
1,"strstr",0040b560,"FUN_00407a28",00407a28,false
0,"open64",0040b570,"N/A",N/A,false
1,"open64",0040b570,"FUN_004052e8",004052e8,false
1,"open64",0040b570,"FUN_00406f24",00406f24,false
0,"strcmp",0040b580,"N/A",N/A,false
1,"strcmp",0040b580,"FUN_004064fc",004064fc,false
1,"strcmp",0040b580,"FUN_00403870",00403870,false
1,"strcmp",0040b580,"FUN_0040a938",0040a938,false
1,"strcmp",0040b580,"FUN_004053e0",004053e0,false
1,"strcmp",0040b580,"FUN_00405e00",00405e00,false
1,"strcmp",0040b580,"FUN_0040a738",0040a738,false
1,"strcmp",0040b580,"main",00402228,false
1,"strcmp",0040b580,"FUN_00407a28",00407a28,false
1,"strcmp",0040b580,"FUN_00405d58",00405d58,false
1,"strcmp",0040b580,"FUN_00406adc",00406adc,false
1,"strcmp",0040b580,"FUN_00406f24",00406f24,false
0,"waitpid",0040b590,"N/A",N/A,false
1,"waitpid",0040b590,"FUN_004037e4",004037e4,false
1,"waitpid",0040b590,"main",00402228,false
0,"accept",0040b5a0,"N/A",N/A,false
1,"accept",0040b5a0,"main",00402228,false
0,"atoi",0040b5b0,"N/A",N/A,false
1,"atoi",0040b5b0,"FUN_00401e5c",00401e5c,false
1,"atoi",0040b5b0,"main",00402228,false
1,"atoi",0040b5b0,"FUN_00407a28",00407a28,false
1,"atoi",0040b5b0,"FUN_00404bbc",00404bbc,false
0,"strpbrk",0040b5c0,"N/A",N/A,false
1,"strpbrk",0040b5c0,"FUN_00407a28",00407a28,false
0,"alarm",0040b5d0,"N/A",N/A,false
1,"alarm",0040b5d0,"FUN_00407a28",00407a28,false
0,"strchr",0040b5e0,"N/A",N/A,false
1,"strchr",0040b5e0,"FUN_004064fc",004064fc,false
1,"strchr",0040b5e0,"FUN_00405b38",00405b38,false
1,"strchr",0040b5e0,"FUN_00405e00",00405e00,false
1,"strchr",0040b5e0,"match",0040a5fc,false
1,"strchr",0040b5e0,"FUN_00407a28",00407a28,false
1,"strchr",0040b5e0,"FUN_00404bbc",00404bbc,false
1,"strchr",0040b5e0,"FUN_00406adc",00406adc,false
1,"strchr",0040b5e0,"FUN_00406f24",00406f24,false
0,"sendfile64",0040b5f0,"N/A",N/A,false
1,"sendfile64",0040b5f0,"FUN_00406f24",00406f24,false
0,"listen",0040b600,"N/A",N/A,false
1,"listen",0040b600,"FUN_004038dc",004038dc,false
0,"strdup",0040b610,"N/A",N/A,false
1,"strdup",0040b610,"FUN_004061a8",004061a8,false
1,"strdup",0040b610,"FUN_00406090",00406090,false
1,"strdup",0040b610,"main",00402228,false
1,"strdup",0040b610,"FUN_00407a28",00407a28,false
1,"strdup",0040b610,"FUN_00403890",00403890,false
0,"puts",0040b620,"N/A",N/A,false
1,"puts",0040b620,"main",00402228,false
0,"fscanf",0040b630,"N/A",N/A,false
1,"fscanf",0040b630,"FUN_00403d0c",00403d0c,false
0,"setgid",0040b640,"N/A",N/A,false
1,"setgid",0040b640,"main",00402228,false
0,"signal",0040b650,"N/A",N/A,false
1,"signal",0040b650,"FUN_004037e4",004037e4,false
1,"signal",0040b650,"main",00402228,false
1,"signal",0040b650,"FUN_00407a28",00407a28,false
1,"signal",0040b650,"FUN_00406f24",00406f24,false
0,"nvram_set",0040b660,"N/A",N/A,false
1,"nvram_set",0040b660,"FUN_0040590c",0040590c,false
1,"nvram_set",0040b660,"FUN_00403a84",00403a84,false
1,"nvram_set",0040b660,"FUN_00407a28",00407a28,false
0,"pipe",0040b670,"N/A",N/A,false
1,"pipe",0040b670,"FUN_00406f24",00406f24,false
0,"SSLv23_server_method",0040b680,"N/A",N/A,false
1,"SSLv23_server_method",0040b680,"main",00402228,false
0,"chroot",0040b690,"N/A",N/A,false
1,"chroot",0040b690,"main",00402228,false
0,"strcpy",0040b6a0,"N/A",N/A,false
1,"strcpy",0040b6a0,"FUN_00407a28",00407a28,false
0,"kill",0040b6b0,"N/A",N/A,false
1,"kill",0040b6b0,"FUN_00407a28",00407a28,false
0,"shutdown",0040b6c0,"N/A",N/A,false
1,"shutdown",0040b6c0,"FUN_00401e5c",00401e5c,false
0,"__deregister_frame_info",00429000,"N/A",N/A,false
1,"__deregister_frame_info",00429000,"FUN_00403580",00403580,false
0,"alphasort64",00429010,"N/A",N/A,false
0,"_Jv_RegisterClasses",00429014,"N/A",N/A,false
1,"_Jv_RegisterClasses",00429014,"FUN_0040364c",0040364c,false
0,"__register_frame_info",00429018,"N/A",N/A,false
1,"__register_frame_info",00429018,"FUN_0040364c",0040364c,false
